[
{
"ccomune":"Aulla",
"cprovincia":"MASSA-CARRARA",
"ctipologia":"Bottega",
"cnome":"Alimentari Lombardi Sandra",
"cvia":"Piazza Vittoria, 7",
"ccitta":"AULLA",
"ccap":"54011",
"cindirizzo_posta_elettronica":"",
"corgano_validante":"",
"ctelefono":"0187 420325",
"cfax":"",
"clatitudine":"44.208615",
"clongitudine":"9.968547"
}
,
{
"ccomune":"Aulla",
"cprovincia":"MASSA-CARRARA",
"ctipologia":"Bottega",
"cnome":"Le Delizie di Sofia",
"cvia":"Via Apua, 48-50",
"ccitta":"AULLA",
"ccap":"54011",
"cindirizzo_posta_elettronica":"",
"corgano_validante":"",
"ctelefono":"340 1469745",
"cfax":"",
"clatitudine":"44.207684",
"clongitudine":"9.968861"
}
,
{
"ccomune":"Bagnone",
"cprovincia":"MASSA-CARRARA",
"ctipologia":"Ristorante",
"cnome":"Locanda La Lina",
"cvia":"Piazza Marconi 1",
"ccitta":"BAGNONE",
"ccap":"54021",
"cindirizzo_posta_elettronica":"linari06@locandalalina.191.it",
"corgano_validante":"Regione Toscana",
"ctelefono":"0187 429069",
"cfax":"",
"clatitudine":"44.31541",
"clongitudine":"9.994268"
}
,
{
"ccomune":"Bagnone",
"cprovincia":"MASSA-CARRARA",
"ctipologia":"Ristorante",
"cnome":"Ristorante I Fondi",
"cvia":"Borgo della Repubblica 26",
"ccitta":"BAGNONE",
"ccap":"54021",
"cindirizzo_posta_elettronica":"",
"corgano_validante":"Regione Toscana",
"ctelefono":"0187 429086",
"cfax":"",
"clatitudine":"44.31468",
"clongitudine":"9.994511"
}
,
{
"ccomune":"Carrara",
"cprovincia":"MASSA-CARRARA",
"ctipologia":"Bottega",
"cnome":"Alimentari Peselli Brunella",
"cvia":"Via Rinchiosa, 1",
"ccitta":"CARRARA",
"ccap":"54033",
"cindirizzo_posta_elettronica":"",
"corgano_validante":"",
"ctelefono":"0585 630626",
"cfax":"",
"clatitudine":"44.042614",
"clongitudine":"10.041746"
}
,
{
"ccomune":"Carrara",
"cprovincia":"MASSA-CARRARA",
"ctipologia":"Bottega",
"cnome":"Alimentari Venturini Massimo",
"cvia":"Via Covetta, 88",
"ccitta":"CARRARA",
"ccap":"54033",
"cindirizzo_posta_elettronica":"maxventurix@alice.it",
"corgano_validante":"",
"ctelefono":"0585 858550",
"cfax":"",
"clatitudine":"44.052154",
"clongitudine":"10.045068"
}
,
{
"ccomune":"Carrara",
"cprovincia":"MASSA-CARRARA",
"ctipologia":"Bottega",
"cnome":"Antica Drogheria di Santucci Manuela",
"cvia":"Via Rosselli, 1",
"ccitta":"CARRARA",
"ccap":"54033",
"cindirizzo_posta_elettronica":"",
"corgano_validante":"",
"ctelefono":"0585 71936",
"cfax":"",
"clatitudine":"44.07541",
"clongitudine":"10.09466"
}
,
{
"ccomune":"Carrara",
"cprovincia":"MASSA-CARRARA",
"ctipologia":"Bottega",
"cnome":"Biscottificio Piemonte",
"cvia":"Viale Zaccagna, 33",
"ccitta":"Avenza, CARRARA",
"ccap":"54031",
"cindirizzo_posta_elettronica":"info@dogliani.net",
"corgano_validante":"Confcommercio",
"ctelefono":"0585.632744",
"cfax":"0585.780662",
"clatitudine":"44.038196",
"clongitudine":"10.059233"
}
,
{
"ccomune":"Carrara",
"cprovincia":"MASSA-CARRARA",
"ctipologia":"Bottega",
"cnome":"Il Cantinone di Particelli Luigi",
"cvia":"Via 7 Luglio, 8",
"ccitta":"CARRARA",
"ccap":"54033",
"cindirizzo_posta_elettronica":"enotecailcantinone@libero.it",
"corgano_validante":"",
"ctelefono":"0585 70647",
"cfax":"",
"clatitudine":"44.078188",
"clongitudine":"10.09825"
}
,
{
"ccomune":"Carrara",
"cprovincia":"MASSA-CARRARA",
"ctipologia":"Bottega",
"cnome":"La Bottega di Nicky",
"cvia":"Via Parma 16",
"ccitta":"Marina di Carrara, CARRARA",
"ccap":"54033",
"cindirizzo_posta_elettronica":"boggiamassimo@Gmail.com",
"corgano_validante":"Confcommercio",
"ctelefono":"3398835351",
"cfax":"",
"clatitudine":"44.041513",
"clongitudine":"10.034656"
}
,
{
"ccomune":"Carrara",
"cprovincia":"MASSA-CARRARA",
"ctipologia":"Bottega",
"cnome":"La Geode",
"cvia":"Via del Commercio 5",
"ccitta":"Centro di Carrara - San Martino, CARRARA",
"ccap":"54033",
"cindirizzo_posta_elettronica":"info@rossilia.it",
"corgano_validante":"Confcommercio",
"ctelefono":"0585.74201",
"cfax":"0585.234519",
"clatitudine":"44.076394",
"clongitudine":"10.093034"
}
,
{
"ccomune":"Carrara",
"cprovincia":"MASSA-CARRARA",
"ctipologia":"Bottega",
"cnome":"La nuova macelleria di Musetti Augusta",
"cvia":"Via c, fontana 10",
"ccitta":"CARRARA",
"ccap":"54033",
"cindirizzo_posta_elettronica":"",
"corgano_validante":"",
"ctelefono":"0585 845052",
"cfax":"",
"clatitudine":"44.10476",
"clongitudine":"10.07718"
}
,
{
"ccomune":"Carrara",
"cprovincia":"MASSA-CARRARA",
"ctipologia":"Bottega",
"cnome":"Naturalmente Lunigiana",
"cvia":"Via Felice Cavallotti 2",
"ccitta":"Marina di Carrara, CARRARA",
"ccap":"54033",
"cindirizzo_posta_elettronica":"naturalmentelunigiana@gmail.com",
"corgano_validante":"Regione Toscana",
"ctelefono":"3465766219",
"cfax":"",
"clatitudine":"44.041499",
"clongitudine":"10.040009"
}
,
{
"ccomune":"Carrara",
"cprovincia":"MASSA-CARRARA",
"ctipologia":"Bottega",
"cnome":"Pane e salame panificio Bonandi snc",
"cvia":"Via monterosso 3",
"ccitta":"CARRARA",
"ccap":"54033",
"cindirizzo_posta_elettronica":"",
"corgano_validante":"",
"ctelefono":"0585 74820",
"cfax":"",
"clatitudine":"44.079524",
"clongitudine":"10.101998"
}
,
{
"ccomune":"Carrara",
"cprovincia":"MASSA-CARRARA",
"ctipologia":"Bottega",
"cnome":"Supermercati 2G di Foddai Giovanni",
"cvia":"Via F.Cavallotti, 40",
"ccitta":"CARRARA",
"ccap":"54033",
"cindirizzo_posta_elettronica":"f.isabell@tin.it",
"corgano_validante":"",
"ctelefono":"0585 634350",
"cfax":"",
"clatitudine":"44.042531",
"clongitudine":"10.035029"
}
,
{
"ccomune":"Carrara",
"cprovincia":"MASSA-CARRARA",
"ctipologia":"Ristorante",
"cnome":"Bellezza",
"cvia":"Via Ciro Menotti, 35/E",
"ccitta":"Marina di Carrara, CARRARA",
"ccap":"54033",
"cindirizzo_posta_elettronica":"ristorantebellezza@gmail.com",
"corgano_validante":"Confesercenti",
"ctelefono":"0585 788862",
"cfax":"",
"clatitudine":"44.038013",
"clongitudine":"10.04637"
}
,
{
"ccomune":"Carrara",
"cprovincia":"MASSA-CARRARA",
"ctipologia":"Ristorante",
"cnome":"Ciccio Marina",
"cvia":"Viale Giovanni da Verazzano 1",
"ccitta":"Marina di Carrara, CARRARA",
"ccap":"54033",
"cindirizzo_posta_elettronica":"cicciomarina@ristoranteciccio.it",
"corgano_validante":"Confcommercio",
"ctelefono":"0585 70226",
"cfax":"",
"clatitudine":"44.034171",
"clongitudine":"10.049135"
}
,
{
"ccomune":"Carrara",
"cprovincia":"MASSA-CARRARA",
"ctipologia":"Ristorante",
"cnome":"Enoteca Velia",
"cvia":"Via A. Manzoni, 1",
"ccitta":"CARRARA",
"ccap":"54033",
"cindirizzo_posta_elettronica":"enotecavelia@yahoo.it",
"corgano_validante":"Confesercenti",
"ctelefono":"3479490891",
"cfax":"",
"clatitudine":"44.07606",
"clongitudine":"10.098992"
}
,
{
"ccomune":"Carrara",
"cprovincia":"MASSA-CARRARA",
"ctipologia":"Ristorante",
"cnome":"Il Buscaiol",
"cvia":"Via Genova 6",
"ccitta":"CARRARA",
"ccap":"",
"cindirizzo_posta_elettronica":"",
"corgano_validante":"Regione Toscana",
"ctelefono":"0585 634138",
"cfax":"",
"clatitudine":"44.038421",
"clongitudine":"10.04015"
}
,
{
"ccomune":"Carrara",
"cprovincia":"MASSA-CARRARA",
"ctipologia":"Ristorante",
"cnome":"IL REBACCO",
"cvia":"Via Loris Giorgi, 5",
"ccitta":"CARRARA",
"ccap":"54033",
"cindirizzo_posta_elettronica":"ilrebacco@yahoo.it",
"corgano_validante":"Regione Toscana",
"ctelefono":"0585.776778",
"cfax":"",
"clatitudine":"44.079324",
"clongitudine":"10.097677"
}
,
{
"ccomune":"Carrara",
"cprovincia":"MASSA-CARRARA",
"ctipologia":"Ristorante",
"cnome":"La Capinera Osteria tipica",
"cvia":"Via Ulivi 8",
"ccitta":"Carrara Centro, CARRARA",
"ccap":"54033",
"cindirizzo_posta_elettronica":"calmasnc@yahoo.it",
"corgano_validante":"Regione Toscana",
"ctelefono":"058574294",
"cfax":"",
"clatitudine":"44.078563",
"clongitudine":"10.097391"
}
,
{
"ccomune":"Carrara",
"cprovincia":"MASSA-CARRARA",
"ctipologia":"Ristorante",
"cnome":"La Petite Cuisine",
"cvia":"Via Verdi 4",
"ccitta":"CARRARA",
"ccap":"54033",
"cindirizzo_posta_elettronica":"m.tissi92@gmail.com",
"corgano_validante":"Confcommercio",
"ctelefono":"058570226",
"cfax":"",
"clatitudine":"44.077478",
"clongitudine":"10.100332"
}
,
{
"ccomune":"Carrara",
"cprovincia":"MASSA-CARRARA",
"ctipologia":"Ristorante",
"cnome":"Le Petite Cuisine",
"cvia":"Via Verdi 4",
"ccitta":"CARRARA",
"ccap":"54033",
"cindirizzo_posta_elettronica":"",
"corgano_validante":"Regione Toscana",
"ctelefono":"0585 70226",
"cfax":"",
"clatitudine":"44.07759",
"clongitudine":"10.100053"
}
,
{
"ccomune":"Carrara",
"cprovincia":"MASSA-CARRARA",
"ctipologia":"Ristorante",
"cnome":"l Purtunzin d'Ninan",
"cvia":"Via bartolini 3",
"ccitta":"CARRARA",
"ccap":"54033",
"cindirizzo_posta_elettronica":"purtunzin@alice.it",
"corgano_validante":"Confesercenti",
"ctelefono":"0585 74741",
"cfax":"",
"clatitudine":"44.077038",
"clongitudine":"10.102236"
}
,
{
"ccomune":"Carrara",
"cprovincia":"MASSA-CARRARA",
"ctipologia":"Ristorante",
"cnome":"OSTERIA MEROPE",
"cvia":"Via ULIVI 4",
"ccitta":"CARRARA",
"ccap":"54033",
"cindirizzo_posta_elettronica":"osteriamerope@alice.it",
"corgano_validante":"Confesercenti",
"ctelefono":"0585 776961",
"cfax":"0585 776961",
"clatitudine":"44.078686",
"clongitudine":"10.097414"
}
,
{
"ccomune":"Carrara",
"cprovincia":"MASSA-CARRARA",
"ctipologia":"Ristorante",
"cnome":"Osteria Vittorio",
"cvia":"Via Cavour 28",
"ccitta":"CARRARA",
"ccap":"54033",
"cindirizzo_posta_elettronica":"",
"corgano_validante":"Confesercenti",
"ctelefono":"0585 72134",
"cfax":"",
"clatitudine":"44.076104",
"clongitudine":"10.101041"
}
,
{
"ccomune":"Carrara",
"cprovincia":"MASSA-CARRARA",
"ctipologia":"Ristorante",
"cnome":"Ristorante Club Nautico",
"cvia":"Viale Cristoforo, 2",
"ccitta":"Marina di Carrara, CARRARA",
"ccap":"54033",
"cindirizzo_posta_elettronica":"clubnautico.carasrl@virgilio.it",
"corgano_validante":"Confesercenti",
"ctelefono":"0585 780925",
"cfax":"",
"clatitudine":"44.036783",
"clongitudine":"10.041363"
}
,
{
"ccomune":"Carrara",
"cprovincia":"MASSA-CARRARA",
"ctipologia":"Ristorante",
"cnome":"RISTORANTE \"LA TAVERNETTA\" da Franco",
"cvia":"Piazza Alberica 10",
"ccitta":"CARRARA",
"ccap":"54033",
"cindirizzo_posta_elettronica":"ristlatavernetta@gmail.com",
"corgano_validante":"Confesercenti",
"ctelefono":"3398198168",
"cfax":"",
"clatitudine":"44.079391",
"clongitudine":"10.097902"
}
,
{
"ccomune":"Carrara",
"cprovincia":"MASSA-CARRARA",
"ctipologia":"Ristorante",
"cnome":"Venanzio",
"cvia":"Piazza Palestro 3",
"ccitta":"Colonnata, CARRARA",
"ccap":"",
"cindirizzo_posta_elettronica":"info@ristorantevenanzio.com",
"corgano_validante":"Confesercenti",
"ctelefono":"0585 758033",
"cfax":"0585758062",
"clatitudine":"44.069299",
"clongitudine":"10.075552"
}
,
{
"ccomune":"Fivizzano",
"cprovincia":"MASSA-CARRARA",
"ctipologia":"Bottega",
"cnome":"La Bottega dei Parchi",
"cvia":"Piazza dei Parchi",
"ccitta":"Rometta, FIVIZZANO",
"ccap":"54023",
"cindirizzo_posta_elettronica":"labottegadeiparchi@gmail.com",
"corgano_validante":"Regione Toscana",
"ctelefono":"058593577",
"cfax":"",
"clatitudine":"44.238246",
"clongitudine":"10.127161"
}
,
{
"ccomune":"Fivizzano",
"cprovincia":"MASSA-CARRARA",
"ctipologia":"Ristorante",
"cnome":"Albergo Ristorante 'Il Giardinetto'",
"cvia":"Via Roma 155",
"ccitta":"FIVIZZANO",
"ccap":"54013",
"cindirizzo_posta_elettronica":"hotelilgiardinetto@libero.it",
"corgano_validante":"Regione Toscana",
"ctelefono":"0585 92060",
"cfax":"058592060",
"clatitudine":"44.237613",
"clongitudine":"10.123916"
}
,
{
"ccomune":"Fivizzano",
"cprovincia":"MASSA-CARRARA",
"ctipologia":"Ristorante",
"cnome":"Da Remo",
"cvia":"Via Cesare Battisti 57",
"ccitta":"Monzone, FIVIZZANO",
"ccap":"54013",
"cindirizzo_posta_elettronica":"daremo@e-toscana.com",
"corgano_validante":"Regione Toscana",
"ctelefono":"0585 97933",
"cfax":"0585 971128",
"clatitudine":"44.165763",
"clongitudine":"10.124398"
}
,
{
"ccomune":"Fivizzano",
"cprovincia":"MASSA-CARRARA",
"ctipologia":"Ristorante",
"cnome":"Il Sicomoro",
"cvia":"Via pianezza 2",
"ccitta":"Cormezzano, FIVIZZANO",
"ccap":"54013",
"cindirizzo_posta_elettronica":"albergosicomoro@libero.it",
"corgano_validante":"Confcommercio",
"ctelefono":"058599442",
"cfax":"0585938835",
"clatitudine":"44.238246",
"clongitudine":"10.127161"
}
,
{
"ccomune":"Fivizzano",
"cprovincia":"MASSA-CARRARA",
"ctipologia":"Ristorante",
"cnome":"La Posta",
"cvia":"Via Provinciale 15",
"ccitta":"Equi Terme, FIVIZZANO",
"ccap":"",
"cindirizzo_posta_elettronica":"francesco.franceschini80@virgilio.it",
"corgano_validante":"Confcommercio",
"ctelefono":"0585 97937",
"cfax":"",
"clatitudine":"44.298674",
"clongitudine":"10.242401"
}
,
{
"ccomune":"Fosdinovo",
"cprovincia":"MASSA-CARRARA",
"ctipologia":"Ristorante",
"cnome":"Nigo Pezigo",
"cvia":"Via Papiriana",
"ccitta":"FOSDINOVO",
"ccap":"54035",
"cindirizzo_posta_elettronica":"alice.minu@libero.it",
"corgano_validante":"Regione Toscana",
"ctelefono":"0187 1856184",
"cfax":"",
"clatitudine":"44.135389",
"clongitudine":"10.02089"
}
,
{
"ccomune":"Fosdinovo",
"cprovincia":"MASSA-CARRARA",
"ctipologia":"Ristorante",
"cnome":"Nigo Pezigo",
"cvia":"Via Papiriana 1A",
"ccitta":"FOSDINOVO",
"ccap":"54035",
"cindirizzo_posta_elettronica":"nigopezigo@gmail.com",
"corgano_validante":"Regione Toscana",
"ctelefono":"01871856184",
"cfax":"",
"clatitudine":"44.13549",
"clongitudine":"10.0211"
}
,
{
"ccomune":"Fosdinovo",
"cprovincia":"MASSA-CARRARA",
"ctipologia":"Ristorante",
"cnome":"RISTORANTE \"AL FALCO\"",
"cvia":"VIA PIANA DI COPINO 1",
"ccitta":"FOSDINOVO",
"ccap":"54035",
"cindirizzo_posta_elettronica":"camerebellavista@libero.it",
"corgano_validante":"Regione Toscana",
"ctelefono":"0187680064",
"cfax":"",
"clatitudine":"44.132455",
"clongitudine":"10.017247"
}
,
{
"ccomune":"Fosdinovo",
"cprovincia":"MASSA-CARRARA",
"ctipologia":"Ristorante",
"cnome":"Ristorante Cocopizza",
"cvia":"Via Caniparola 7",
"ccitta":"Caniparola di Fosdinovo, FOSDINOVO",
"ccap":"54035",
"cindirizzo_posta_elettronica":"info@cocopizza.it",
"corgano_validante":"Confcommercio",
"ctelefono":"0187 693248",
"cfax":"",
"clatitudine":"44.10801",
"clongitudine":"9.99774"
}
,
{
"ccomune":"Massa",
"cprovincia":"MASSA-CARRARA",
"ctipologia":"Bottega",
"cnome":"Alimentari Lunardini Ernesto",
"cvia":"Via C. Orecchia n° 5",
"ccitta":"MASSA",
"ccap":"54100",
"cindirizzo_posta_elettronica":"",
"corgano_validante":"",
"ctelefono":"0585 811336",
"cfax":"",
"clatitudine":"44.030422",
"clongitudine":"10.143627"
}
,
{
"ccomune":"Massa",
"cprovincia":"MASSA-CARRARA",
"ctipologia":"Bottega",
"cnome":"Alimentari Manicardi Paolo",
"cvia":"Galleria Leonardi da Vinci 45/46",
"ccitta":"MASSA",
"ccap":"54100",
"cindirizzo_posta_elettronica":"manicardipaolo@gmail.com",
"corgano_validante":"Regione Toscana",
"ctelefono":"0585 45244",
"cfax":"",
"clatitudine":"44.036189",
"clongitudine":"10.138857"
}
,
{
"ccomune":"Massa",
"cprovincia":"MASSA-CARRARA",
"ctipologia":"Bottega",
"cnome":"Alimentari Tassoni Srl",
"cvia":"Via Aurelia Ovest, 99",
"ccitta":"0585 42051, MASSA",
"ccap":"54100",
"cindirizzo_posta_elettronica":"",
"corgano_validante":"",
"ctelefono":"0585 42051",
"cfax":"",
"clatitudine":"44.040249",
"clongitudine":"10.126686"
}
,
{
"ccomune":"Massa",
"cprovincia":"MASSA-CARRARA",
"ctipologia":"Bottega",
"cnome":"Drogheria Caffé Gli Svizzeri di Belatti Fabrizio",
"cvia":"Via Cairoli, 53",
"ccitta":"058543092, MASSA",
"ccap":"54100",
"cindirizzo_posta_elettronica":"gli_svizzeri@libero.it",
"corgano_validante":"",
"ctelefono":"058543092",
"cfax":"",
"clatitudine":"44.036661",
"clongitudine":"10.14313"
}
,
{
"ccomune":"Massa",
"cprovincia":"MASSA-CARRARA",
"ctipologia":"Bottega",
"cnome":"Giuliaissimo",
"cvia":"Via Colombo n. 27 angolo Via Ascoli",
"ccitta":"Marina di Massa, MASSA",
"ccap":"54100",
"cindirizzo_posta_elettronica":"marketgiulia@gmail.com",
"corgano_validante":"Confcommercio",
"ctelefono":"0585.241500",
"cfax":"------",
"clatitudine":"44.010148",
"clongitudine":"10.099915"
}
,
{
"ccomune":"Massa",
"ccomune":"Montevarchi",
"cprovincia":"AREZZO",
"ctipologia":"Bottega",
"cnome":"Gastronomia Chef",
"cvia":"Via Poggio Bracciolini, 68",
"ccitta":"MONTEVARCHI",
"ccap":"52025",
"cindirizzo_posta_elettronica":"",
"corgano_validante":"",
"ctelefono":"055 983534",
"cfax":"",
"clatitudine":"43.523755",
"clongitudine":"11.567665"
}
,
{
"ccomune":"Montevarchi",
"cprovincia":"AREZZO",
"ctipologia":"Bottega",
"cnome":"Macelleria Cioni Mauro",
"cvia":"Piazza Roanne, 9",
"ccitta":"MONTEVARCHI",
"ccap":"52025",
"cindirizzo_posta_elettronica":"",
"corgano_validante":"",
"ctelefono":"055 901767",
"cfax":"",
"clatitudine":"43.529331",
"clongitudine":"11.574751"
}
,
{
"ccomune":"Montevarchi",
"cprovincia":"AREZZO",
"ctipologia":"Bottega",
"cnome":"Macelleria Moretti",
"cvia":"Via Trento, 4",
"ccitta":"MONTEVARCHI",
"ccap":"52025",
"cindirizzo_posta_elettronica":"",
"corgano_validante":"",
"ctelefono":"055 980551",
"cfax":"",
"clatitudine":"43.524178",
"clongitudine":"11.56874"
}
,
{
"ccomune":"Montevarchi",
"cprovincia":"AREZZO",
"ctipologia":"Bottega",
"cnome":"Macelleria Singali Rinaldo",
"cvia":"Via Leona-Levane, 8",
"ccitta":"MONTEVARCHI",
"ccap":"52025",
"cindirizzo_posta_elettronica":"",
"corgano_validante":"",
"ctelefono":"055 9789831",
"cfax":"",
"clatitudine":"43.497047",
"clongitudine":"11.620945"
}
,
{
"ccomune":"Montevarchi",
"cprovincia":"AREZZO",
"ctipologia":"Bottega",
"cnome":"Special market SNC di Gloter Luciano",
"cvia":"Via Roma 41/43",
"ccitta":"055  982044, MONTEVARCHI",
"ccap":"52025",
"cindirizzo_posta_elettronica":"",
"corgano_validante":"Confesercenti",
"ctelefono":"055  5270217",
"cfax":"",
"clatitudine":"43.52388",
"clongitudine":"11.566688"
}
,
{
"ccomune":"Montevarchi",
"cprovincia":"AREZZO",
"ctipologia":"Ristorante",
"cnome":"La buca di ipo",
"cvia":"Via pascoli, 36",
"ccitta":"MONTEVARCHI",
"ccap":"52025",
"cindirizzo_posta_elettronica":"info@labucadiipo.it",
"corgano_validante":"Confcommercio",
"ctelefono":"055982233",
"cfax":"",
"clatitudine":"43.525766",
"clongitudine":"11.567365"
}
,
{
"ccomune":"Montevarchi",
"cprovincia":"AREZZO",
"ctipologia":"Ristorante",
"cnome":"Ristorante Daniele Riccardo",
"cvia":"Via Poggio Bracciolini 5",
"ccitta":"MONTEVARCHI",
"ccap":"52025",
"cindirizzo_posta_elettronica":"casinid@alice.it",
"corgano_validante":"Confcommercio",
"ctelefono":"055900399",
"cfax":"",
"clatitudine":"43.524549",
"clongitudine":"11.566528"
}
,
{
"ccomune":"Pergine Valdarno",
"cprovincia":"AREZZO",
"ctipologia":"Ristorante",
"cnome":"Ristorante \"Il Cacciatore\"",
"cvia":"Via Nazionale, 32/34/36",
"ccitta":"PERGINE VALDARNO",
"ccap":"52020",
"cindirizzo_posta_elettronica":"",
"corgano_validante":"Confesercenti",
"ctelefono":"0575 896527",
"cfax":"0575 896261",
"clatitudine":"43.478937",
"clongitudine":"11.676081"
}
,
{
"ccomune":"Pieve Santo Stefano",
"cprovincia":"AREZZO",
"ctipologia":"Bottega",
"cnome":"Sapori di Sicilia",
"cvia":"Via Tiberina, 52",
"ccitta":"PIEVE SANTO STEFANO",
"ccap":"52036",
"cindirizzo_posta_elettronica":"info.saporidisicilia@alice.it",
"corgano_validante":"Confcommercio",
"ctelefono":"3880497819",
"cfax":"",
"clatitudine":"43.668967",
"clongitudine":"12.041013"
}
,
{
"ccomune":"Poppi",
"cprovincia":"AREZZO",
"ctipologia":"Bottega",
"cnome":"Alimentari \"Il Castello\" di Gennellini  Sonia",
"cvia":"Via C. Battisti  21",
"ccitta":"POPPI",
"ccap":"52014",
"cindirizzo_posta_elettronica":"",
"corgano_validante":"Confesercenti",
"ctelefono":"0575 520211",
"cfax":"",
"clatitudine":"43.722634",
"clongitudine":"11.765759"
}
,
{
"ccomune":"Poppi",
"cprovincia":"AREZZO",
"ctipologia":"Bottega",
"cnome":"Osteria del tempo perso",
"cvia":"Via Roma 79",
"ccitta":"POPPI",
"ccap":"52013",
"cindirizzo_posta_elettronica":"",
"corgano_validante":"Confesercenti",
"ctelefono":"0575 529996",
"cfax":"Ponte a Poppi",
"clatitudine":"43.728556",
"clongitudine":"11.768774"
}
,
{
"ccomune":"Poppi",
"cprovincia":"AREZZO",
"ctipologia":"Ristorante",
"cnome":"Osteria Il Porto - Delicious Srl",
"cvia":"Via Roma, 224/226",
"ccitta":"POPPI",
"ccap":"52014",
"cindirizzo_posta_elettronica":"v.tapinassi@gmail.com",
"corgano_validante":"Confcommercio",
"ctelefono":"0575 529233  - 339 8960781",
"cfax":"0575 500963",
"clatitudine":"43.726084",
"clongitudine":"11.773826"
}
,
{
"ccomune":"San Giovanni Valdarno",
"cprovincia":"AREZZO",
"ctipologia":"Ristorante",
"cnome":"Osteria dell'Angelo",
"cvia":"Via della Madonna, 3/5",
"ccitta":"SAN GIOVANNI VALDARNO",
"ccap":"52027",
"cindirizzo_posta_elettronica":"rossanacap@gmail.com",
"corgano_validante":"Confesercenti",
"ctelefono":"055 943799",
"cfax":"",
"clatitudine":"43.564744",
"clongitudine":"11.529253"
}
,
{
"ccomune":"Sansepolcro",
"cprovincia":"AREZZO",
"ctipologia":"Bottega",
"cnome":"La spizzicheria di Colucci Marco Ivo",
"cvia":"Via Mazzini 88",
"ccitta":"SANSEPOLCRO",
"ccap":"52037",
"cindirizzo_posta_elettronica":"",
"corgano_validante":"",
"ctelefono":"348  5535306",
"cfax":"",
"clatitudine":"43.572257",
"clongitudine":"12.139754"
}
,
{
"ccomune":"Sansepolcro",
"cprovincia":"AREZZO",
"ctipologia":"Bottega",
"cnome":"Pizzicheria Boncompagni Giuliano",
"cvia":"Via 20 Settembre 14",
"ccitta":"0575 741897, SANSEPOLCRO",
"ccap":"52037",
"cindirizzo_posta_elettronica":"sussyjohanna@hotmail.com",
"corgano_validante":"",
"ctelefono":"0575 741897",
"cfax":"",
"clatitudine":"43.572256",
"clongitudine":"12.138727"
}
,
{
"ccomune":"Sansepolcro",
"cprovincia":"AREZZO",
"ctipologia":"Ristorante",
"cnome":"Osteria in Aboca",
"cvia":"Località Aboca 11",
"ccitta":"Aboca, 11, SANSEPOLCRO",
"ccap":"52037",
"cindirizzo_posta_elettronica":"",
"corgano_validante":"Confesercenti",
"ctelefono":"0575 749125",
"cfax":"0575 749124",
"clatitudine":"43.572621",
"clongitudine":"12.138261"
}
,
{
"ccomune":"Sansepolcro",
"cprovincia":"AREZZO",
"ctipologia":"Ristorante",
"cnome":"Osteria Toscana Borgo Antico",
"cvia":"Via Mazzini, 14",
"ccitta":"SANSEPOLCRO",
"ccap":"52037",
"cindirizzo_posta_elettronica":"",
"corgano_validante":"Confesercenti",
"ctelefono":"0575 750208",
"cfax":"",
"clatitudine":"43.570527",
"clongitudine":"12.138567"
}
,
{
"ccomune":"Sansepolcro",
"cprovincia":"AREZZO",
"ctipologia":"Ristorante",
"cnome":"ristorante enoteca Berghi \"dal Grigino\"",
"cvia":"Via XX settembre 10",
"ccitta":"SANSEPOLCRO",
"ccap":"52037",
"cindirizzo_posta_elettronica":"info@ristoranteberghi.it",
"corgano_validante":"Confcommercio",
"ctelefono":"3284871361",
"cfax":"",
"clatitudine":"43.572336",
"clongitudine":"12.138735"
}
,
{
"ccomune":"Sansepolcro",
"cprovincia":"AREZZO",
"ctipologia":"Ristorante",
"cnome":"Ristorante Fiorentino",
"cvia":"Via Luca Pacioli, 60",
"ccitta":"SANSEPOLCRO",
"ccap":"52037",
"cindirizzo_posta_elettronica":"ristorante@ristorantefiorentino.it",
"corgano_validante":"Confcommercio",
"ctelefono":"0575 742033",
"cfax":"0575 742033",
"clatitudine":"43.571661",
"clongitudine":"12.139799"
}
,
{
"ccomune":"Sansepolcro",
"cprovincia":"AREZZO",
"ctipologia":"Ristorante",
"cnome":"Ristorante \"La Balestra\"",
"cvia":"Via dei Montefeltro, 29",
"ccitta":"SANSEPOLCRO",
"ccap":"52037",
"cindirizzo_posta_elettronica":"balestra@labalestra.it",
"corgano_validante":"Confcommercio",
"ctelefono":"0575 735151",
"cfax":"0575 740282",
"clatitudine":"43.568394",
"clongitudine":"12.149677"
}
,
{
"ccomune":"Terranuova Bracciolini",
"cprovincia":"AREZZO",
"ctipologia":"Ristorante",
"cnome":"Osteria dell'Acquolina",
"cvia":"",
"ccitta":"Cicogna, 96, TERRANUOVA BRACCIOLINI",
"ccap":"52028",
"cindirizzo_posta_elettronica":"",
"corgano_validante":"Confesercenti",
"ctelefono":"055 977497",
"cfax":"",
"clatitudine":"43.563049",
"clongitudine":"11.593027"
}
,
{
"ccomune":"Terranuova Bracciolini",
"cprovincia":"AREZZO",
"ctipologia":"Ristorante",
"cnome":"Osteria Il Canto del Maggio",
"cvia":"",
"ccitta":"Penna, 30/d, TERRANUOVA BRACCIOLINI",
"ccap":"52028",
"cindirizzo_posta_elettronica":"info@cantodelmaggio.com",
"corgano_validante":"Confesercenti",
"ctelefono":"055 9705147",
"cfax":"055 9705147",
"clatitudine":"43.563049",
"clongitudine":"11.593027"
}
,
{
"ccomune":"PRATOVECCHIO STIA",
"cprovincia":"AREZZO",
"ctipologia":"Bottega",
"cnome":"macelleria orlandi",
"cvia":"Via circonvallazione",
"ccitta":"PRATOVECCHIO",
"ccap":"52017",
"cindirizzo_posta_elettronica":"boccalini@confcommercio.ar.it",
"corgano_validante":"",
"ctelefono":"0575583452",
"cfax":"pratovecchio",
"clatitudine":"43.784689",
"clongitudine":"11.722272"
}
,
{
"ccomune":"Abbadia San Salvatore",
"cprovincia":"SIENA",
"ctipologia":"Bottega",
"cnome":"Macelleria la buona Carne di Biribicchi Ivano",
"cvia":"Via Hamman, 19/21",
"ccitta":"ABBADIA SAN SALVATORE",
"ccap":"53021",
"cindirizzo_posta_elettronica":"labuonacarne@hotmail.it",
"corgano_validante":"Confesercenti",
"ctelefono":"0577 776115",
"cfax":"",
"clatitudine":"42.881546",
"clongitudine":"11.67247"
}
,
{
"ccomune":"Abbadia San Salvatore",
"cprovincia":"SIENA",
"ctipologia":"Bottega",
"cnome":"Pinzuti Marcella",
"cvia":"Via Cavour, 30",
"ccitta":"ABBADIA SAN SALVATORE",
"ccap":"53021",
"cindirizzo_posta_elettronica":"info@pinzipinzuti.it",
"corgano_validante":"Confcommercio",
"ctelefono":"0577 779562",
"cfax":"",
"clatitudine":"42.881742",
"clongitudine":"11.676382"
}
,
{
"ccomune":"Abbadia San Salvatore",
"cprovincia":"SIENA",
"ctipologia":"Ristorante",
"cnome":"Casa Montecucco",
"cvia":"Loc",
"ccitta":"ABBADIA SAN SALVATORE",
"ccap":"",
"cindirizzo_posta_elettronica":"casamontecucco@libero.it",
"corgano_validante":"Confesercenti",
"ctelefono":"333/ 7977899   329/ 543399   0566 / 80135",
"cfax":"",
"clatitudine":"42.88131",
"clongitudine":"11.676644"
}
,
{
"ccomune":"Abbadia San Salvatore",
"cprovincia":"SIENA",
"ctipologia":"Ristorante",
"cnome":"Ristorante \"K2\"",
"cvia":"Via del Laghetto, 15",
"ccitta":"Monte Amiata, ABBADIA SAN SALVATORE",
"ccap":"53021",
"cindirizzo_posta_elettronica":"hotelk2@hotelk2.net",
"corgano_validante":"Confesercenti",
"ctelefono":"0577 778609",
"cfax":"0577 776337",
"clatitudine":"42.877556",
"clongitudine":"11.671524"
}
,
{
"ccomune":"Buonconvento",
"cprovincia":"SIENA",
"ctipologia":"Bottega",
"cnome":"Non Solo Formaggio di Cucca Lisa",
"cvia":"Viale della Libertà, 1",
"ccitta":"0577 846200, BUONCONVENTO",
"ccap":"53022",
"cindirizzo_posta_elettronica":"",
"corgano_validante":"Confcommercio",
"ctelefono":"0577 849254",
"cfax":"",
"clatitudine":"43.138459",
"clongitudine":"11.480997"
}
,
{
"ccomune":"Buonconvento",
"cprovincia":"SIENA",
"ctipologia":"Ristorante",
"cnome":"Osteria La Via di Mezzo",
"cvia":"Via Soccini, 53",
"ccitta":"BUONCONVENTO",
"ccap":"53022",
"cindirizzo_posta_elettronica":"info@osteriadimezzo.com",
"corgano_validante":"Confesercenti",
"ctelefono":"0577 806320",
"cfax":"0577 809405",
"clatitudine":"43.138199",
"clongitudine":"11.481903"
}
,
{
"ccomune":"Castellina in Chianti",
"cprovincia":"SIENA",
"ctipologia":"Bottega",
"cnome":"Agricola Chiantigiana Casafrassi",
"cvia":"località Casafrassi",
"ccitta":"Casafrassi, CASTELLINA IN CHIANTI",
"ccap":"53011",
"cindirizzo_posta_elettronica":"casafrassi@gmail.com",
"corgano_validante":"Regione Toscana",
"ctelefono":"0577740621",
"cfax":"0577740805",
"clatitudine":"43.471514",
"clongitudine":"11.285668"
}
,
{
"ccomune":"Castellina in Chianti",
"cprovincia":"SIENA",
"ctipologia":"Bottega",
"cnome":"Macelleria Stiaccini SAS di Stiaccini Riccardo e C.",
"cvia":"Via Ferruccio, 33",
"ccitta":"0577 223188, CASTELLINA IN CHIANTI",
"ccap":"53011",
"cindirizzo_posta_elettronica":"",
"corgano_validante":"Confcommercio",
"ctelefono":"0577 740558",
"cfax":"",
"clatitudine":"43.468862",
"clongitudine":"11.287983"
}
,
{
"ccomune":"Castellina in Chianti",
"cprovincia":"SIENA",
"ctipologia":"Ristorante",
"cnome":"Antica Trattoria La Torre",
"cvia":"Piazza del Comune, 15",
"ccitta":"CASTELLINA IN CHIANTI",
"ccap":"53011",
"cindirizzo_posta_elettronica":"info@anticatrattorialatorre.com",
"corgano_validante":"Confesercenti",
"ctelefono":"0577 740236",
"cfax":"0577 740228",
"clatitudine":"43.469042",
"clongitudine":"11.287193"
}
,
{
"ccomune":"Castellina in Chianti",
"cprovincia":"SIENA",
"ctipologia":"Ristorante",
"cnome":"Prco, Ristorante, Piscina Trasqua",
"cvia":"Località Trasqua",
"ccitta":"Loc. Trasqua, CASTELLINA IN CHIANTI",
"ccap":"53011",
"cindirizzo_posta_elettronica":"info@osteriailristoro.it",
"corgano_validante":"Confesercenti",
"ctelefono":"0577 743047",
"cfax":"",
"clatitudine":"43.471514",
"clongitudine":"11.285668"
}
,
{
"ccomune":"Castelnuovo Berardenga",
"cprovincia":"SIENA",
"ctipologia":"Ristorante",
"cnome":"Il Convito di Curina",
"cvia":"S.P. 62 n. 24 Località Curina",
"ccitta":"Loc. Curina, CASTELNUOVO BERARDENGA",
"ccap":"",
"cindirizzo_posta_elettronica":"",
"corgano_validante":"Confesercenti",
"ctelefono":"0577 355647",
"cfax":"0577 355610",
"clatitudine":"43.345557",
"clongitudine":"11.465842"
}
,
{
"ccomune":"Castelnuovo Berardenga",
"cprovincia":"SIENA",
"ctipologia":"Ristorante",
"cnome":"La Taverna della Berardenga",
"cvia":"Via Chianti, 70/ 74",
"ccitta":"CASTELNUOVO BERARDENGA",
"ccap":"53019",
"cindirizzo_posta_elettronica":"info@tavernadellaberardenga.it",
"corgano_validante":"Confesercenti",
"ctelefono":"0577 355547",
"cfax":"0577 355100",
"clatitudine":"43.349167",
"clongitudine":"11.504658"
}


]